--
-- PostgreSQL database dump
--

-- Dumped from database version 15.8
-- Dumped by pg_dump version 16.4

-- Started on 2025-03-13 08:50:40

SET statement_timeout = 0;
SET lock_timeout = 0;
SET idle_in_transaction_session_timeout = 0;
SET client_encoding = 'UTF8';
SET standard_conforming_strings = on;
SELECT pg_catalog.set_config('search_path', '', false);
SET check_function_bodies = false;
SET xmloption = content;
SET client_min_messages = warning;
SET row_security = off;

SET default_tablespace = '';

SET default_table_access_method = heap;

--
-- TOC entry 221 (class 1259 OID 16986)
-- Name: auth_group; Type: TABLE; Schema: public; Owner: postgres
--

CREATE TABLE public.auth_group (
    id integer NOT NULL,
    name character varying(150) NOT NULL
);


ALTER TABLE public.auth_group OWNER TO postgres;

--
-- TOC entry 220 (class 1259 OID 16985)
-- Name: auth_group_id_seq; Type: SEQUENCE; Schema: public; Owner: postgres
--

ALTER TABLE public.auth_group ALTER COLUMN id ADD GENERATED BY DEFAULT AS IDENTITY (
    SEQUENCE NAME public.auth_group_id_seq
    START WITH 1
    INCREMENT BY 1
    NO MINVALUE
    NO MAXVALUE
    CACHE 1
);


--
-- TOC entry 223 (class 1259 OID 16994)
-- Name: auth_group_permissions; Type: TABLE; Schema: public; Owner: postgres
--

CREATE TABLE public.auth_group_permissions (
    id bigint NOT NULL,
    group_id integer NOT NULL,
    permission_id integer NOT NULL
);


ALTER TABLE public.auth_group_permissions OWNER TO postgres;

--
-- TOC entry 222 (class 1259 OID 16993)
-- Name: auth_group_permissions_id_seq; Type: SEQUENCE; Schema: public; Owner: postgres
--

ALTER TABLE public.auth_group_permissions ALTER COLUMN id ADD GENERATED BY DEFAULT AS IDENTITY (
    SEQUENCE NAME public.auth_group_permissions_id_seq
    START WITH 1
    INCREMENT BY 1
    NO MINVALUE
    NO MAXVALUE
    CACHE 1
);


--
-- TOC entry 219 (class 1259 OID 16980)
-- Name: auth_permission; Type: TABLE; Schema: public; Owner: postgres
--

CREATE TABLE public.auth_permission (
    id integer NOT NULL,
    name character varying(255) NOT NULL,
    content_type_id integer NOT NULL,
    codename character varying(100) NOT NULL
);


ALTER TABLE public.auth_permission OWNER TO postgres;

--
-- TOC entry 218 (class 1259 OID 16979)
-- Name: auth_permission_id_seq; Type: SEQUENCE; Schema: public; Owner: postgres
--

ALTER TABLE public.auth_permission ALTER COLUMN id ADD GENERATED BY DEFAULT AS IDENTITY (
    SEQUENCE NAME public.auth_permission_id_seq
    START WITH 1
    INCREMENT BY 1
    NO MINVALUE
    NO MAXVALUE
    CACHE 1
);


--
-- TOC entry 231 (class 1259 OID 17077)
-- Name: django_admin_log; Type: TABLE; Schema: public; Owner: postgres
--

CREATE TABLE public.django_admin_log (
    id integer NOT NULL,
    action_time timestamp with time zone NOT NULL,
    object_id text,
    object_repr character varying(200) NOT NULL,
    action_flag smallint NOT NULL,
    change_message text NOT NULL,
    content_type_id integer,
    user_id bigint NOT NULL,
    CONSTRAINT django_admin_log_action_flag_check CHECK ((action_flag >= 0))
);


ALTER TABLE public.django_admin_log OWNER TO postgres;

--
-- TOC entry 230 (class 1259 OID 17076)
-- Name: django_admin_log_id_seq; Type: SEQUENCE; Schema: public; Owner: postgres
--

ALTER TABLE public.django_admin_log ALTER COLUMN id ADD GENERATED BY DEFAULT AS IDENTITY (
    SEQUENCE NAME public.django_admin_log_id_seq
    START WITH 1
    INCREMENT BY 1
    NO MINVALUE
    NO MAXVALUE
    CACHE 1
);


--
-- TOC entry 217 (class 1259 OID 16972)
-- Name: django_content_type; Type: TABLE; Schema: public; Owner: postgres
--

CREATE TABLE public.django_content_type (
    id integer NOT NULL,
    app_label character varying(100) NOT NULL,
    model character varying(100) NOT NULL
);


ALTER TABLE public.django_content_type OWNER TO postgres;

--
-- TOC entry 216 (class 1259 OID 16971)
-- Name: django_content_type_id_seq; Type: SEQUENCE; Schema: public; Owner: postgres
--

ALTER TABLE public.django_content_type ALTER COLUMN id ADD GENERATED BY DEFAULT AS IDENTITY (
    SEQUENCE NAME public.django_content_type_id_seq
    START WITH 1
    INCREMENT BY 1
    NO MINVALUE
    NO MAXVALUE
    CACHE 1
);


--
-- TOC entry 215 (class 1259 OID 16964)
-- Name: django_migrations; Type: TABLE; Schema: public; Owner: postgres
--

CREATE TABLE public.django_migrations (
    id bigint NOT NULL,
    app character varying(255) NOT NULL,
    name character varying(255) NOT NULL,
    applied timestamp with time zone NOT NULL
);


ALTER TABLE public.django_migrations OWNER TO postgres;

--
-- TOC entry 214 (class 1259 OID 16963)
-- Name: django_migrations_id_seq; Type: SEQUENCE; Schema: public; Owner: postgres
--

ALTER TABLE public.django_migrations ALTER COLUMN id ADD GENERATED BY DEFAULT AS IDENTITY (
    SEQUENCE NAME public.django_migrations_id_seq
    START WITH 1
    INCREMENT BY 1
    NO MINVALUE
    NO MAXVALUE
    CACHE 1
);


--
-- TOC entry 252 (class 1259 OID 17429)
-- Name: django_session; Type: TABLE; Schema: public; Owner: postgres
--

CREATE TABLE public.django_session (
    session_key character varying(40) NOT NULL,
    session_data text NOT NULL,
    expire_date timestamp with time zone NOT NULL
);


ALTER TABLE public.django_session OWNER TO postgres;

--
-- TOC entry 233 (class 1259 OID 17098)
-- Name: erp_category; Type: TABLE; Schema: public; Owner: postgres
--

CREATE TABLE public.erp_category (
    id bigint NOT NULL,
    name character varying(150) NOT NULL,
    "desc" character varying(500)
);


ALTER TABLE public.erp_category OWNER TO postgres;

--
-- TOC entry 232 (class 1259 OID 17097)
-- Name: erp_category_id_seq; Type: SEQUENCE; Schema: public; Owner: postgres
--

ALTER TABLE public.erp_category ALTER COLUMN id ADD GENERATED BY DEFAULT AS IDENTITY (
    SEQUENCE NAME public.erp_category_id_seq
    START WITH 1
    INCREMENT BY 1
    NO MINVALUE
    NO MAXVALUE
    CACHE 1
);


--
-- TOC entry 235 (class 1259 OID 17108)
-- Name: erp_client; Type: TABLE; Schema: public; Owner: postgres
--

CREATE TABLE public.erp_client (
    id bigint NOT NULL,
    names character varying(150) NOT NULL,
    surnames character varying(150) NOT NULL,
    dni character varying(10) NOT NULL,
    address character varying(150),
    email character varying(255),
    phone_number character varying(15)
);


ALTER TABLE public.erp_client OWNER TO postgres;

--
-- TOC entry 234 (class 1259 OID 17107)
-- Name: erp_client_id_seq; Type: SEQUENCE; Schema: public; Owner: postgres
--

ALTER TABLE public.erp_client ALTER COLUMN id ADD GENERATED BY DEFAULT AS IDENTITY (
    SEQUENCE NAME public.erp_client_id_seq
    START WITH 1
    INCREMENT BY 1
    NO MINVALUE
    NO MAXVALUE
    CACHE 1
);


--
-- TOC entry 247 (class 1259 OID 17310)
-- Name: erp_detpurchase; Type: TABLE; Schema: public; Owner: postgres
--

CREATE TABLE public.erp_detpurchase (
    id bigint NOT NULL,
    price numeric(10,2) NOT NULL,
    cant integer NOT NULL,
    subtotal numeric(10,2) NOT NULL,
    prod_id bigint NOT NULL,
    purchase_id bigint NOT NULL
);


ALTER TABLE public.erp_detpurchase OWNER TO postgres;

--
-- TOC entry 246 (class 1259 OID 17309)
-- Name: erp_detpurchase_id_seq; Type: SEQUENCE; Schema: public; Owner: postgres
--

ALTER TABLE public.erp_detpurchase ALTER COLUMN id ADD GENERATED BY DEFAULT AS IDENTITY (
    SEQUENCE NAME public.erp_detpurchase_id_seq
    START WITH 1
    INCREMENT BY 1
    NO MINVALUE
    NO MAXVALUE
    CACHE 1
);


--
-- TOC entry 241 (class 1259 OID 17130)
-- Name: erp_detsale; Type: TABLE; Schema: public; Owner: postgres
--

CREATE TABLE public.erp_detsale (
    id bigint NOT NULL,
    price numeric(10,2) NOT NULL,
    cant integer NOT NULL,
    subtotal numeric(10,2) NOT NULL,
    prod_id bigint NOT NULL,
    sale_id bigint NOT NULL
);


ALTER TABLE public.erp_detsale OWNER TO postgres;

--
-- TOC entry 240 (class 1259 OID 17129)
-- Name: erp_detsale_id_seq; Type: SEQUENCE; Schema: public; Owner: postgres
--

ALTER TABLE public.erp_detsale ALTER COLUMN id ADD GENERATED BY DEFAULT AS IDENTITY (
    SEQUENCE NAME public.erp_detsale_id_seq
    START WITH 1
    INCREMENT BY 1
    NO MINVALUE
    NO MAXVALUE
    CACHE 1
);


--
-- TOC entry 249 (class 1259 OID 17340)
-- Name: erp_payment; Type: TABLE; Schema: public; Owner: postgres
--

CREATE TABLE public.erp_payment (
    id bigint NOT NULL,
    amount numeric(9,2) NOT NULL,
    sale_id bigint NOT NULL,
    payment_method character varying(2),
    payment_date date NOT NULL,
    payment_form character varying(3)
);


ALTER TABLE public.erp_payment OWNER TO postgres;

--
-- TOC entry 248 (class 1259 OID 17339)
-- Name: erp_payment_id_seq; Type: SEQUENCE; Schema: public; Owner: postgres
--

ALTER TABLE public.erp_payment ALTER COLUMN id ADD GENERATED BY DEFAULT AS IDENTITY (
    SEQUENCE NAME public.erp_payment_id_seq
    START WITH 1
    INCREMENT BY 1
    NO MINVALUE
    NO MAXVALUE
    CACHE 1
);


--
-- TOC entry 239 (class 1259 OID 17122)
-- Name: erp_product; Type: TABLE; Schema: public; Owner: postgres
--

CREATE TABLE public.erp_product (
    id bigint NOT NULL,
    name character varying(150) NOT NULL,
    pvp numeric(9,2) NOT NULL,
    cat_id bigint NOT NULL,
    stock integer NOT NULL,
    is_service boolean NOT NULL
);


ALTER TABLE public.erp_product OWNER TO postgres;

--
-- TOC entry 238 (class 1259 OID 17121)
-- Name: erp_product_id_seq; Type: SEQUENCE; Schema: public; Owner: postgres
--

ALTER TABLE public.erp_product ALTER COLUMN id ADD GENERATED BY DEFAULT AS IDENTITY (
    SEQUENCE NAME public.erp_product_id_seq
    START WITH 1
    INCREMENT BY 1
    NO MINVALUE
    NO MAXVALUE
    CACHE 1
);


--
-- TOC entry 251 (class 1259 OID 17407)
-- Name: erp_productphase; Type: TABLE; Schema: public; Owner: postgres
--

CREATE TABLE public.erp_productphase (
    id bigint NOT NULL,
    phase character varying(50) NOT NULL,
    date date NOT NULL,
    status character varying(100) NOT NULL,
    det_sale_id bigint NOT NULL,
    user_id bigint NOT NULL
);


ALTER TABLE public.erp_productphase OWNER TO postgres;

--
-- TOC entry 250 (class 1259 OID 17406)
-- Name: erp_productphase_id_seq; Type: SEQUENCE; Schema: public; Owner: postgres
--

ALTER TABLE public.erp_productphase ALTER COLUMN id ADD GENERATED BY DEFAULT AS IDENTITY (
    SEQUENCE NAME public.erp_productphase_id_seq
    START WITH 1
    INCREMENT BY 1
    NO MINVALUE
    NO MAXVALUE
    CACHE 1
);


--
-- TOC entry 245 (class 1259 OID 17304)
-- Name: erp_purchase; Type: TABLE; Schema: public; Owner: postgres
--

CREATE TABLE public.erp_purchase (
    id bigint NOT NULL,
    date_joined date NOT NULL,
    subtotal numeric(9,2) NOT NULL,
    iva numeric(9,2) NOT NULL,
    total numeric(9,2) NOT NULL,
    prov_id bigint NOT NULL
);


ALTER TABLE public.erp_purchase OWNER TO postgres;

--
-- TOC entry 244 (class 1259 OID 17303)
-- Name: erp_purchase_id_seq; Type: SEQUENCE; Schema: public; Owner: postgres
--

ALTER TABLE public.erp_purchase ALTER COLUMN id ADD GENERATED BY DEFAULT AS IDENTITY (
    SEQUENCE NAME public.erp_purchase_id_seq
    START WITH 1
    INCREMENT BY 1
    NO MINVALUE
    NO MAXVALUE
    CACHE 1
);


--
-- TOC entry 237 (class 1259 OID 17116)
-- Name: erp_sale; Type: TABLE; Schema: public; Owner: postgres
--

CREATE TABLE public.erp_sale (
    id bigint NOT NULL,
    date_joined date NOT NULL,
    subtotal numeric(9,2) NOT NULL,
    iva numeric(9,2) NOT NULL,
    total numeric(9,2) NOT NULL,
    cli_id bigint NOT NULL,
    date_end date NOT NULL
);


ALTER TABLE public.erp_sale OWNER TO postgres;

--
-- TOC entry 236 (class 1259 OID 17115)
-- Name: erp_sale_id_seq; Type: SEQUENCE; Schema: public; Owner: postgres
--

ALTER TABLE public.erp_sale ALTER COLUMN id ADD GENERATED BY DEFAULT AS IDENTITY (
    SEQUENCE NAME public.erp_sale_id_seq
    START WITH 1
    INCREMENT BY 1
    NO MINVALUE
    NO MAXVALUE
    CACHE 1
);


--
-- TOC entry 243 (class 1259 OID 17293)
-- Name: erp_supplier; Type: TABLE; Schema: public; Owner: postgres
--

CREATE TABLE public.erp_supplier (
    id bigint NOT NULL,
    dnisp character varying(10) NOT NULL,
    namessp character varying(150) NOT NULL,
    surnamessp character varying(150) NOT NULL,
    addresssp character varying(150),
    emailsp character varying(255),
    phone_numbersp character varying(15)
);


ALTER TABLE public.erp_supplier OWNER TO postgres;

--
-- TOC entry 242 (class 1259 OID 17292)
-- Name: erp_supplier_id_seq; Type: SEQUENCE; Schema: public; Owner: postgres
--

ALTER TABLE public.erp_supplier ALTER COLUMN id ADD GENERATED BY DEFAULT AS IDENTITY (
    SEQUENCE NAME public.erp_supplier_id_seq
    START WITH 1
    INCREMENT BY 1
    NO MINVALUE
    NO MAXVALUE
    CACHE 1
);


--
-- TOC entry 225 (class 1259 OID 17026)
-- Name: user_user; Type: TABLE; Schema: public; Owner: postgres
--

CREATE TABLE public.user_user (
    id bigint NOT NULL,
    password character varying(128) NOT NULL,
    last_login timestamp with time zone,
    is_superuser boolean NOT NULL,
    username character varying(150) NOT NULL,
    first_name character varying(150) NOT NULL,
    last_name character varying(150) NOT NULL,
    email character varying(254) NOT NULL,
    is_staff boolean NOT NULL,
    is_active boolean NOT NULL,
    date_joined timestamp with time zone NOT NULL,
    image character varying(100),
    token uuid
);


ALTER TABLE public.user_user OWNER TO postgres;

--
-- TOC entry 227 (class 1259 OID 17036)
-- Name: user_user_groups; Type: TABLE; Schema: public; Owner: postgres
--

CREATE TABLE public.user_user_groups (
    id bigint NOT NULL,
    user_id bigint NOT NULL,
    group_id integer NOT NULL
);


ALTER TABLE public.user_user_groups OWNER TO postgres;

--
-- TOC entry 226 (class 1259 OID 17035)
-- Name: user_user_groups_id_seq; Type: SEQUENCE; Schema: public; Owner: postgres
--

ALTER TABLE public.user_user_groups ALTER COLUMN id ADD GENERATED BY DEFAULT AS IDENTITY (
    SEQUENCE NAME public.user_user_groups_id_seq
    START WITH 1
    INCREMENT BY 1
    NO MINVALUE
    NO MAXVALUE
    CACHE 1
);


--
-- TOC entry 224 (class 1259 OID 17025)
-- Name: user_user_id_seq; Type: SEQUENCE; Schema: public; Owner: postgres
--

ALTER TABLE public.user_user ALTER COLUMN id ADD GENERATED BY DEFAULT AS IDENTITY (
    SEQUENCE NAME public.user_user_id_seq
    START WITH 1
    INCREMENT BY 1
    NO MINVALUE
    NO MAXVALUE
    CACHE 1
);


--
-- TOC entry 229 (class 1259 OID 17042)
-- Name: user_user_user_permissions; Type: TABLE; Schema: public; Owner: postgres
--

CREATE TABLE public.user_user_user_permissions (
    id bigint NOT NULL,
    user_id bigint NOT NULL,
    permission_id integer NOT NULL
);


ALTER TABLE public.user_user_user_permissions OWNER TO postgres;

--
-- TOC entry 228 (class 1259 OID 17041)
-- Name: user_user_user_permissions_id_seq; Type: SEQUENCE; Schema: public; Owner: postgres
--

ALTER TABLE public.user_user_user_permissions ALTER COLUMN id ADD GENERATED BY DEFAULT AS IDENTITY (
    SEQUENCE NAME public.user_user_user_permissions_id_seq
    START WITH 1
    INCREMENT BY 1
    NO MINVALUE
    NO MAXVALUE
    CACHE 1
);


--
-- TOC entry 3525 (class 0 OID 16986)
-- Dependencies: 221
-- Data for Name: auth_group; Type: TABLE DATA; Schema: public; Owner: postgres
--

INSERT INTO public.auth_group VALUES (1, 'Administrador');
INSERT INTO public.auth_group VALUES (2, 'Colaborador');


--
-- TOC entry 3527 (class 0 OID 16994)
-- Dependencies: 223
-- Data for Name: auth_group_permissions; Type: TABLE DATA; Schema: public; Owner: postgres
--

INSERT INTO public.auth_group_permissions VALUES (1, 2, 57);
INSERT INTO public.auth_group_permissions VALUES (2, 2, 58);
INSERT INTO public.auth_group_permissions VALUES (3, 2, 59);
INSERT INTO public.auth_group_permissions VALUES (4, 2, 60);
INSERT INTO public.auth_group_permissions VALUES (5, 2, 61);


--
-- TOC entry 3523 (class 0 OID 16980)
-- Dependencies: 219
-- Data for Name: auth_permission; Type: TABLE DATA; Schema: public; Owner: postgres
--

INSERT INTO public.auth_permission VALUES (1, 'Can add log entry', 1, 'add_logentry');
INSERT INTO public.auth_permission VALUES (2, 'Can change log entry', 1, 'change_logentry');
INSERT INTO public.auth_permission VALUES (3, 'Can delete log entry', 1, 'delete_logentry');
INSERT INTO public.auth_permission VALUES (4, 'Can view log entry', 1, 'view_logentry');
INSERT INTO public.auth_permission VALUES (5, 'Can add permission', 2, 'add_permission');
INSERT INTO public.auth_permission VALUES (6, 'Can change permission', 2, 'change_permission');
INSERT INTO public.auth_permission VALUES (7, 'Can delete permission', 2, 'delete_permission');
INSERT INTO public.auth_permission VALUES (8, 'Can view permission', 2, 'view_permission');
INSERT INTO public.auth_permission VALUES (9, 'Can add group', 3, 'add_group');
INSERT INTO public.auth_permission VALUES (10, 'Can change group', 3, 'change_group');
INSERT INTO public.auth_permission VALUES (11, 'Can delete group', 3, 'delete_group');
INSERT INTO public.auth_permission VALUES (12, 'Can view group', 3, 'view_group');
INSERT INTO public.auth_permission VALUES (13, 'Can add content type', 4, 'add_contenttype');
INSERT INTO public.auth_permission VALUES (14, 'Can change content type', 4, 'change_contenttype');
INSERT INTO public.auth_permission VALUES (15, 'Can delete content type', 4, 'delete_contenttype');
INSERT INTO public.auth_permission VALUES (16, 'Can view content type', 4, 'view_contenttype');
INSERT INTO public.auth_permission VALUES (17, 'Can add session', 5, 'add_session');
INSERT INTO public.auth_permission VALUES (18, 'Can change session', 5, 'change_session');
INSERT INTO public.auth_permission VALUES (19, 'Can delete session', 5, 'delete_session');
INSERT INTO public.auth_permission VALUES (20, 'Can view session', 5, 'view_session');
INSERT INTO public.auth_permission VALUES (21, 'Can add Categoria', 6, 'add_category');
INSERT INTO public.auth_permission VALUES (22, 'Can change Categoria', 6, 'change_category');
INSERT INTO public.auth_permission VALUES (23, 'Can delete Categoria', 6, 'delete_category');
INSERT INTO public.auth_permission VALUES (24, 'Can view Categoria', 6, 'view_category');
INSERT INTO public.auth_permission VALUES (25, 'Can add Cliente', 7, 'add_client');
INSERT INTO public.auth_permission VALUES (26, 'Can change Cliente', 7, 'change_client');
INSERT INTO public.auth_permission VALUES (27, 'Can delete Cliente', 7, 'delete_client');
INSERT INTO public.auth_permission VALUES (28, 'Can view Cliente', 7, 'view_client');
INSERT INTO public.auth_permission VALUES (29, 'Can add Venta', 8, 'add_sale');
INSERT INTO public.auth_permission VALUES (30, 'Can change Venta', 8, 'change_sale');
INSERT INTO public.auth_permission VALUES (31, 'Can delete Venta', 8, 'delete_sale');
INSERT INTO public.auth_permission VALUES (32, 'Can view Venta', 8, 'view_sale');
INSERT INTO public.auth_permission VALUES (33, 'Can add Producto', 9, 'add_product');
INSERT INTO public.auth_permission VALUES (34, 'Can change Producto', 9, 'change_product');
INSERT INTO public.auth_permission VALUES (35, 'Can delete Producto', 9, 'delete_product');
INSERT INTO public.auth_permission VALUES (36, 'Can view Producto', 9, 'view_product');
INSERT INTO public.auth_permission VALUES (37, 'Can add Detalle de Venta', 10, 'add_detsale');
INSERT INTO public.auth_permission VALUES (38, 'Can change Detalle de Venta', 10, 'change_detsale');
INSERT INTO public.auth_permission VALUES (39, 'Can delete Detalle de Venta', 10, 'delete_detsale');
INSERT INTO public.auth_permission VALUES (40, 'Can view Detalle de Venta', 10, 'view_detsale');
INSERT INTO public.auth_permission VALUES (41, 'Can add Proveedor', 11, 'add_supplier');
INSERT INTO public.auth_permission VALUES (42, 'Can change Proveedor', 11, 'change_supplier');
INSERT INTO public.auth_permission VALUES (43, 'Can delete Proveedor', 11, 'delete_supplier');
INSERT INTO public.auth_permission VALUES (44, 'Can view Proveedor', 11, 'view_supplier');
INSERT INTO public.auth_permission VALUES (45, 'Can add Compra', 12, 'add_purchase');
INSERT INTO public.auth_permission VALUES (46, 'Can change Compra', 12, 'change_purchase');
INSERT INTO public.auth_permission VALUES (47, 'Can delete Compra', 12, 'delete_purchase');
INSERT INTO public.auth_permission VALUES (48, 'Can view Compra', 12, 'view_purchase');
INSERT INTO public.auth_permission VALUES (49, 'Can add Detalle de Compra', 13, 'add_detpurchase');
INSERT INTO public.auth_permission VALUES (50, 'Can change Detalle de Compra', 13, 'change_detpurchase');
INSERT INTO public.auth_permission VALUES (51, 'Can delete Detalle de Compra', 13, 'delete_detpurchase');
INSERT INTO public.auth_permission VALUES (52, 'Can view Detalle de Compra', 13, 'view_detpurchase');
INSERT INTO public.auth_permission VALUES (53, 'Can add payment', 14, 'add_payment');
INSERT INTO public.auth_permission VALUES (54, 'Can change payment', 14, 'change_payment');
INSERT INTO public.auth_permission VALUES (55, 'Can delete payment', 14, 'delete_payment');
INSERT INTO public.auth_permission VALUES (56, 'Can view payment', 14, 'view_payment');
INSERT INTO public.auth_permission VALUES (57, 'Can add Fase de Producto', 15, 'add_productphase');
INSERT INTO public.auth_permission VALUES (58, 'Can change Fase de Producto', 15, 'change_productphase');
INSERT INTO public.auth_permission VALUES (59, 'Can delete Fase de Producto', 15, 'delete_productphase');
INSERT INTO public.auth_permission VALUES (60, 'Can view Fase de Producto', 15, 'view_productphase');
INSERT INTO public.auth_permission VALUES (61, 'Can view phase', 15, 'view_phase');
INSERT INTO public.auth_permission VALUES (62, 'Can add user', 16, 'add_user');
INSERT INTO public.auth_permission VALUES (63, 'Can change user', 16, 'change_user');
INSERT INTO public.auth_permission VALUES (64, 'Can delete user', 16, 'delete_user');
INSERT INTO public.auth_permission VALUES (65, 'Can view user', 16, 'view_user');


--
-- TOC entry 3535 (class 0 OID 17077)
-- Dependencies: 231
-- Data for Name: django_admin_log; Type: TABLE DATA; Schema: public; Owner: postgres
--

INSERT INTO public.django_admin_log VALUES (1, '2024-08-22 08:59:14.87458-05', '1', 'Marqueteria', 1, '[{"added": {}}]', 6, 1);


--
-- TOC entry 3521 (class 0 OID 16972)
-- Dependencies: 217
-- Data for Name: django_content_type; Type: TABLE DATA; Schema: public; Owner: postgres
--

INSERT INTO public.django_content_type VALUES (1, 'admin', 'logentry');
INSERT INTO public.django_content_type VALUES (2, 'auth', 'permission');
INSERT INTO public.django_content_type VALUES (3, 'auth', 'group');
INSERT INTO public.django_content_type VALUES (4, 'contenttypes', 'contenttype');
INSERT INTO public.django_content_type VALUES (5, 'sessions', 'session');
INSERT INTO public.django_content_type VALUES (6, 'erp', 'category');
INSERT INTO public.django_content_type VALUES (7, 'erp', 'client');
INSERT INTO public.django_content_type VALUES (8, 'erp', 'sale');
INSERT INTO public.django_content_type VALUES (9, 'erp', 'product');
INSERT INTO public.django_content_type VALUES (10, 'erp', 'detsale');
INSERT INTO public.django_content_type VALUES (11, 'erp', 'supplier');
INSERT INTO public.django_content_type VALUES (12, 'erp', 'purchase');
INSERT INTO public.django_content_type VALUES (13, 'erp', 'detpurchase');
INSERT INTO public.django_content_type VALUES (14, 'erp', 'payment');
INSERT INTO public.django_content_type VALUES (15, 'erp', 'productphase');
INSERT INTO public.django_content_type VALUES (16, 'user', 'user');


--
-- TOC entry 3519 (class 0 OID 16964)
-- Dependencies: 215
-- Data for Name: django_migrations; Type: TABLE DATA; Schema: public; Owner: postgres
--

INSERT INTO public.django_migrations VALUES (1, 'contenttypes', '0001_initial', '2024-08-22 08:10:37.816362-05');
INSERT INTO public.django_migrations VALUES (2, 'contenttypes', '0002_remove_content_type_name', '2024-08-22 08:10:37.831225-05');
INSERT INTO public.django_migrations VALUES (3, 'auth', '0001_initial', '2024-08-22 08:10:37.922215-05');
INSERT INTO public.django_migrations VALUES (4, 'auth', '0002_alter_permission_name_max_length', '2024-08-22 08:10:37.932252-05');
INSERT INTO public.django_migrations VALUES (5, 'auth', '0003_alter_user_email_max_length', '2024-08-22 08:10:38.001274-05');
INSERT INTO public.django_migrations VALUES (6, 'auth', '0004_alter_user_username_opts', '2024-08-22 08:10:38.012117-05');
INSERT INTO public.django_migrations VALUES (7, 'auth', '0005_alter_user_last_login_null', '2024-08-22 08:10:38.023633-05');
INSERT INTO public.django_migrations VALUES (8, 'auth', '0006_require_contenttypes_0002', '2024-08-22 08:10:38.025648-05');
INSERT INTO public.django_migrations VALUES (9, 'auth', '0007_alter_validators_add_error_messages', '2024-08-22 08:10:38.037635-05');
INSERT INTO public.django_migrations VALUES (10, 'auth', '0008_alter_user_username_max_length', '2024-08-22 08:10:38.050417-05');
INSERT INTO public.django_migrations VALUES (11, 'auth', '0009_alter_user_last_name_max_length', '2024-08-22 08:10:38.0624-05');
INSERT INTO public.django_migrations VALUES (12, 'auth', '0010_alter_group_name_max_length', '2024-08-22 08:10:38.079477-05');
INSERT INTO public.django_migrations VALUES (13, 'auth', '0011_update_proxy_permissions', '2024-08-22 08:10:38.091373-05');
INSERT INTO public.django_migrations VALUES (14, 'user', '0001_initial', '2024-08-22 08:10:38.180517-05');
INSERT INTO public.django_migrations VALUES (15, 'admin', '0001_initial', '2024-08-22 08:10:38.230577-05');
INSERT INTO public.django_migrations VALUES (16, 'admin', '0002_logentry_remove_auto_add', '2024-08-22 08:10:38.24841-05');
INSERT INTO public.django_migrations VALUES (17, 'admin', '0003_logentry_add_action_flag_choices', '2024-08-22 08:10:38.268514-05');
INSERT INTO public.django_migrations VALUES (18, 'auth', '0012_alter_user_first_name_max_length', '2024-08-22 08:10:38.286816-05');
INSERT INTO public.django_migrations VALUES (19, 'erp', '0001_initial', '2024-08-22 08:10:38.415215-05');
INSERT INTO public.django_migrations VALUES (20, 'erp', '0002_product_stock_alter_category_id_alter_client_id_and_more', '2024-08-22 08:10:38.739879-05');
INSERT INTO public.django_migrations VALUES (21, 'erp', '0003_client_email', '2024-08-22 08:10:38.790208-05');
INSERT INTO public.django_migrations VALUES (22, 'erp', '0004_client_phone_number', '2024-08-22 08:10:38.798558-05');
INSERT INTO public.django_migrations VALUES (23, 'erp', '0005_remove_client_date_birthday', '2024-08-22 08:10:38.807369-05');
INSERT INTO public.django_migrations VALUES (24, 'erp', '0006_remove_client_gender', '2024-08-22 08:10:38.815031-05');
INSERT INTO public.django_migrations VALUES (25, 'erp', '0007_remove_product_image', '2024-08-22 08:10:38.823741-05');
INSERT INTO public.django_migrations VALUES (26, 'erp', '0008_product_is_service', '2024-08-22 08:10:38.834141-05');
INSERT INTO public.django_migrations VALUES (27, 'erp', '0009_remove_product_is_service', '2024-08-22 08:10:38.843129-05');
INSERT INTO public.django_migrations VALUES (28, 'erp', '0010_sale_date_end_alter_detsale_price_and_more', '2024-08-22 08:10:38.903903-05');
INSERT INTO public.django_migrations VALUES (29, 'erp', '0011_alter_detsale_price_alter_detsale_subtotal', '2024-08-22 08:10:38.985555-05');
INSERT INTO public.django_migrations VALUES (30, 'erp', '0012_product_is_service', '2024-08-22 08:10:39.002545-05');
INSERT INTO public.django_migrations VALUES (31, 'erp', '0013_supplier_alter_product_is_service', '2024-08-22 08:10:39.0343-05');
INSERT INTO public.django_migrations VALUES (32, 'erp', '0014_purchase_detpurchase', '2024-08-22 08:10:39.09257-05');
INSERT INTO public.django_migrations VALUES (33, 'erp', '0015_paymentmethod_payment', '2024-08-22 08:10:39.160374-05');
INSERT INTO public.django_migrations VALUES (34, 'erp', '0016_paymentform_payment_payment_form', '2024-08-22 08:10:39.199473-05');
INSERT INTO public.django_migrations VALUES (35, 'erp', '0017_remove_payment_payment_form_and_more', '2024-08-22 08:10:39.424711-05');
INSERT INTO public.django_migrations VALUES (36, 'erp', '0018_payment_payment_form', '2024-08-22 08:10:39.438921-05');
INSERT INTO public.django_migrations VALUES (37, 'erp', '0019_rename_sale_payment_sale_id', '2024-08-22 08:10:39.474683-05');
INSERT INTO public.django_migrations VALUES (38, 'erp', '0020_rename_sale_id_payment_sale_remove_sale_pagos_and_more', '2024-08-22 08:10:39.55112-05');
INSERT INTO public.django_migrations VALUES (39, 'erp', '0021_alter_payment_amount', '2024-08-22 08:10:39.566592-05');
INSERT INTO public.django_migrations VALUES (40, 'erp', '0022_remove_sale_payment_status_and_more', '2024-08-22 08:10:39.588957-05');
INSERT INTO public.django_migrations VALUES (41, 'erp', '0023_productphase', '2024-08-22 08:10:39.634201-05');
INSERT INTO public.django_migrations VALUES (42, 'erp', '0024_productphase_user_alter_productphase_phase_and_more', '2024-08-22 08:10:39.744618-05');
INSERT INTO public.django_migrations VALUES (43, 'erp', '0025_alter_productphase_options_alter_product_is_service_and_more', '2024-08-22 08:10:39.82786-05');
INSERT INTO public.django_migrations VALUES (44, 'erp', '0026_alter_payment_payment_method', '2024-08-22 08:10:39.84003-05');
INSERT INTO public.django_migrations VALUES (45, 'sessions', '0001_initial', '2024-08-22 08:10:39.864645-05');
INSERT INTO public.django_migrations VALUES (46, 'user', '0002_user_token', '2024-08-22 08:10:39.889541-05');
INSERT INTO public.django_migrations VALUES (47, 'user', '0003_alter_user_first_name_alter_user_id', '2024-08-22 08:10:40.122296-05');


--
-- TOC entry 3556 (class 0 OID 17429)
-- Dependencies: 252
-- Data for Name: django_session; Type: TABLE DATA; Schema: public; Owner: postgres
--



--
-- TOC entry 3537 (class 0 OID 17098)
-- Dependencies: 233
-- Data for Name: erp_category; Type: TABLE DATA; Schema: public; Owner: postgres
--

INSERT INTO public.erp_category VALUES (1, 'Marqueteria', 'Todos los marcos');
INSERT INTO public.erp_category VALUES (2, 'Eventos', 'Bodas, Bautismos, Quince Años');


--
-- TOC entry 3539 (class 0 OID 17108)
-- Dependencies: 235
-- Data for Name: erp_client; Type: TABLE DATA; Schema: public; Owner: postgres
--

INSERT INTO public.erp_client VALUES (1, 'Juan', 'Torres', '141458', 'Carrera 16 12-25', 'jtorres@hotmail.com', '311818189');
INSERT INTO public.erp_client VALUES (2, 'Sandra', 'Vega', '35415387', 'Carrera 11 10-54', 'sandravegac@hotmail.com', '31313132525');


--
-- TOC entry 3551 (class 0 OID 17310)
-- Dependencies: 247
-- Data for Name: erp_detpurchase; Type: TABLE DATA; Schema: public; Owner: postgres
--



--
-- TOC entry 3545 (class 0 OID 17130)
-- Dependencies: 241
-- Data for Name: erp_detsale; Type: TABLE DATA; Schema: public; Owner: postgres
--

INSERT INTO public.erp_detsale VALUES (1, 15000.00, 2, 30000.00, 1, 1);
INSERT INTO public.erp_detsale VALUES (2, 750000.00, 1, 750000.00, 2, 2);


--
-- TOC entry 3553 (class 0 OID 17340)
-- Dependencies: 249
-- Data for Name: erp_payment; Type: TABLE DATA; Schema: public; Owner: postgres
--

INSERT INTO public.erp_payment VALUES (1, 5000.00, 1, 'EF', '2024-08-22', 'CNT');
INSERT INTO public.erp_payment VALUES (2, 10000.00, 1, 'NQ', '2024-08-22', 'CNT');
INSERT INTO public.erp_payment VALUES (3, 150000.00, 2, 'NQ', '2025-03-12', 'CRD');


--
-- TOC entry 3543 (class 0 OID 17122)
-- Dependencies: 239
-- Data for Name: erp_product; Type: TABLE DATA; Schema: public; Owner: postgres
--

INSERT INTO public.erp_product VALUES (1, 'Marco Antireflectivo 15*30', 15000.00, 1, 13, false);
INSERT INTO public.erp_product VALUES (2, 'Boda 150 fotos', 750000.00, 2, 0, true);


--
-- TOC entry 3555 (class 0 OID 17407)
-- Dependencies: 251
-- Data for Name: erp_productphase; Type: TABLE DATA; Schema: public; Owner: postgres
--

INSERT INTO public.erp_productphase VALUES (1, 'Alistamiento', '2025-03-12', 'colocar leyenda', 1, 2);
INSERT INTO public.erp_productphase VALUES (2, 'Seleccion', '2025-03-13', 'Fotos retocadas', 1, 1);


--
-- TOC entry 3549 (class 0 OID 17304)
-- Dependencies: 245
-- Data for Name: erp_purchase; Type: TABLE DATA; Schema: public; Owner: postgres
--



--
-- TOC entry 3541 (class 0 OID 17116)
-- Dependencies: 237
-- Data for Name: erp_sale; Type: TABLE DATA; Schema: public; Owner: postgres
--

INSERT INTO public.erp_sale VALUES (1, '2024-08-22', 30000.00, 0.00, 30000.00, 1, '2024-08-22');
INSERT INTO public.erp_sale VALUES (2, '2025-03-12', 750000.00, 0.00, 750000.00, 2, '2025-03-12');


--
-- TOC entry 3547 (class 0 OID 17293)
-- Dependencies: 243
-- Data for Name: erp_supplier; Type: TABLE DATA; Schema: public; Owner: postgres
--



--
-- TOC entry 3529 (class 0 OID 17026)
-- Dependencies: 225
-- Data for Name: user_user; Type: TABLE DATA; Schema: public; Owner: postgres
--

INSERT INTO public.user_user VALUES (2, 'pbkdf2_sha256$720000$wa1FDak03ItF4mUdZXO8x6$Z0lwmC4Jy0lNmPEhijuA2Aliq9igkeR2bvRLtSnyNzI=', '2025-03-12 10:37:15.136177-05', false, 'jruiz', 'Juana', 'Ruiz', 'jruiz@gmail.com', false, true, '2025-03-12 10:04:52.929941-05', '', NULL);
INSERT INTO public.user_user VALUES (1, 'pbkdf2_sha256$720000$6O1tdBQ1f9TTT0YMQBHomU$Iey52eFPuIBdB1nkVeXYCMUCfDkB1JWFbwKXwjnqKXI=', '2025-03-12 10:38:13.061012-05', true, 'admin', '', '', 'admin@example.com', true, true, '2024-08-22 08:52:12.123044-05', '', NULL);


--
-- TOC entry 3531 (class 0 OID 17036)
-- Dependencies: 227
-- Data for Name: user_user_groups; Type: TABLE DATA; Schema: public; Owner: postgres
--

INSERT INTO public.user_user_groups VALUES (1, 2, 2);
INSERT INTO public.user_user_groups VALUES (2, 1, 1);


--
-- TOC entry 3533 (class 0 OID 17042)
-- Dependencies: 229
-- Data for Name: user_user_user_permissions; Type: TABLE DATA; Schema: public; Owner: postgres
--



--
-- TOC entry 3562 (class 0 OID 0)
-- Dependencies: 220
-- Name: auth_group_id_seq; Type: SEQUENCE SET; Schema: public; Owner: postgres
--

SELECT pg_catalog.setval('public.auth_group_id_seq', 2, true);


--
-- TOC entry 3563 (class 0 OID 0)
-- Dependencies: 222
-- Name: auth_group_permissions_id_seq; Type: SEQUENCE SET; Schema: public; Owner: postgres
--

SELECT pg_catalog.setval('public.auth_group_permissions_id_seq', 5, true);


--
-- TOC entry 3564 (class 0 OID 0)
-- Dependencies: 218
-- Name: auth_permission_id_seq; Type: SEQUENCE SET; Schema: public; Owner: postgres
--

SELECT pg_catalog.setval('public.auth_permission_id_seq', 65, true);


--
-- TOC entry 3565 (class 0 OID 0)
-- Dependencies: 230
-- Name: django_admin_log_id_seq; Type: SEQUENCE SET; Schema: public; Owner: postgres
--

SELECT pg_catalog.setval('public.django_admin_log_id_seq', 1, true);


--
-- TOC entry 3566 (class 0 OID 0)
-- Dependencies: 216
-- Name: django_content_type_id_seq; Type: SEQUENCE SET; Schema: public; Owner: postgres
--

SELECT pg_catalog.setval('public.django_content_type_id_seq', 16, true);


--
-- TOC entry 3567 (class 0 OID 0)
-- Dependencies: 214
-- Name: django_migrations_id_seq; Type: SEQUENCE SET; Schema: public; Owner: postgres
--

SELECT pg_catalog.setval('public.django_migrations_id_seq', 47, true);


--
-- TOC entry 3568 (class 0 OID 0)
-- Dependencies: 232
-- Name: erp_category_id_seq; Type: SEQUENCE SET; Schema: public; Owner: postgres
--

SELECT pg_catalog.setval('public.erp_category_id_seq', 2, true);


--
-- TOC entry 3569 (class 0 OID 0)
-- Dependencies: 234
-- Name: erp_client_id_seq; Type: SEQUENCE SET; Schema: public; Owner: postgres
--

SELECT pg_catalog.setval('public.erp_client_id_seq', 2, true);


--
-- TOC entry 3570 (class 0 OID 0)
-- Dependencies: 246
-- Name: erp_detpurchase_id_seq; Type: SEQUENCE SET; Schema: public; Owner: postgres
--

SELECT pg_catalog.setval('public.erp_detpurchase_id_seq', 1, false);


--
-- TOC entry 3571 (class 0 OID 0)
-- Dependencies: 240
-- Name: erp_detsale_id_seq; Type: SEQUENCE SET; Schema: public; Owner: postgres
--

SELECT pg_catalog.setval('public.erp_detsale_id_seq', 2, true);


--
-- TOC entry 3572 (class 0 OID 0)
-- Dependencies: 248
-- Name: erp_payment_id_seq; Type: SEQUENCE SET; Schema: public; Owner: postgres
--

SELECT pg_catalog.setval('public.erp_payment_id_seq', 3, true);


--
-- TOC entry 3573 (class 0 OID 0)
-- Dependencies: 238
-- Name: erp_product_id_seq; Type: SEQUENCE SET; Schema: public; Owner: postgres
--

SELECT pg_catalog.setval('public.erp_product_id_seq', 2, true);


--
-- TOC entry 3574 (class 0 OID 0)
-- Dependencies: 250
-- Name: erp_productphase_id_seq; Type: SEQUENCE SET; Schema: public; Owner: postgres
--

SELECT pg_catalog.setval('public.erp_productphase_id_seq', 2, true);


--
-- TOC entry 3575 (class 0 OID 0)
-- Dependencies: 244
-- Name: erp_purchase_id_seq; Type: SEQUENCE SET; Schema: public; Owner: postgres
--

SELECT pg_catalog.setval('public.erp_purchase_id_seq', 1, false);


--
-- TOC entry 3576 (class 0 OID 0)
-- Dependencies: 236
-- Name: erp_sale_id_seq; Type: SEQUENCE SET; Schema: public; Owner: postgres
--

SELECT pg_catalog.setval('public.erp_sale_id_seq', 2, true);


--
-- TOC entry 3577 (class 0 OID 0)
-- Dependencies: 242
-- Name: erp_supplier_id_seq; Type: SEQUENCE SET; Schema: public; Owner: postgres
--

SELECT pg_catalog.setval('public.erp_supplier_id_seq', 1, false);


--
-- TOC entry 3578 (class 0 OID 0)
-- Dependencies: 226
-- Name: user_user_groups_id_seq; Type: SEQUENCE SET; Schema: public; Owner: postgres
--

SELECT pg_catalog.setval('public.user_user_groups_id_seq', 2, true);


--
-- TOC entry 3579 (class 0 OID 0)
-- Dependencies: 224
-- Name: user_user_id_seq; Type: SEQUENCE SET; Schema: public; Owner: postgres
--

SELECT pg_catalog.setval('public.user_user_id_seq', 2, true);


--
-- TOC entry 3580 (class 0 OID 0)
-- Dependencies: 228
-- Name: user_user_user_permissions_id_seq; Type: SEQUENCE SET; Schema: public; Owner: postgres
--

SELECT pg_catalog.setval('public.user_user_user_permissions_id_seq', 1, false);


--
-- TOC entry 3281 (class 2606 OID 17023)
-- Name: auth_group auth_group_name_key; Type: CONSTRAINT; Schema: public; Owner: postgres
--

ALTER TABLE ONLY public.auth_group
    ADD CONSTRAINT auth_group_name_key UNIQUE (name);


--
-- TOC entry 3286 (class 2606 OID 17009)
-- Name: auth_group_permissions auth_group_permissions_group_id_permission_id_0cd325b0_uniq; Type: CONSTRAINT; Schema: public; Owner: postgres
--

ALTER TABLE ONLY public.auth_group_permissions
    ADD CONSTRAINT auth_group_permissions_group_id_permission_id_0cd325b0_uniq UNIQUE (group_id, permission_id);


--
-- TOC entry 3289 (class 2606 OID 16998)
-- Name: auth_group_permissions auth_group_permissions_pkey; Type: CONSTRAINT; Schema: public; Owner: postgres
--

ALTER TABLE ONLY public.auth_group_permissions
    ADD CONSTRAINT auth_group_permissions_pkey PRIMARY KEY (id);


--
-- TOC entry 3283 (class 2606 OID 16990)
-- Name: auth_group auth_group_pkey; Type: CONSTRAINT; Schema: public; Owner: postgres
--

ALTER TABLE ONLY public.auth_group
    ADD CONSTRAINT auth_group_pkey PRIMARY KEY (id);


--
-- TOC entry 3276 (class 2606 OID 17000)
-- Name: auth_permission auth_permission_content_type_id_codename_01ab375a_uniq; Type: CONSTRAINT; Schema: public; Owner: postgres
--

ALTER TABLE ONLY public.auth_permission
    ADD CONSTRAINT auth_permission_content_type_id_codename_01ab375a_uniq UNIQUE (content_type_id, codename);


--
-- TOC entry 3278 (class 2606 OID 16984)
-- Name: auth_permission auth_permission_pkey; Type: CONSTRAINT; Schema: public; Owner: postgres
--

ALTER TABLE ONLY public.auth_permission
    ADD CONSTRAINT auth_permission_pkey PRIMARY KEY (id);


--
-- TOC entry 3309 (class 2606 OID 17084)
-- Name: django_admin_log django_admin_log_pkey; Type: CONSTRAINT; Schema: public; Owner: postgres
--

ALTER TABLE ONLY public.django_admin_log
    ADD CONSTRAINT django_admin_log_pkey PRIMARY KEY (id);


--
-- TOC entry 3271 (class 2606 OID 16978)
-- Name: django_content_type django_content_type_app_label_model_76bd3d3b_uniq; Type: CONSTRAINT; Schema: public; Owner: postgres
--

ALTER TABLE ONLY public.django_content_type
    ADD CONSTRAINT django_content_type_app_label_model_76bd3d3b_uniq UNIQUE (app_label, model);


--
-- TOC entry 3273 (class 2606 OID 16976)
-- Name: django_content_type django_content_type_pkey; Type: CONSTRAINT; Schema: public; Owner: postgres
--

ALTER TABLE ONLY public.django_content_type
    ADD CONSTRAINT django_content_type_pkey PRIMARY KEY (id);


--
-- TOC entry 3269 (class 2606 OID 16970)
-- Name: django_migrations django_migrations_pkey; Type: CONSTRAINT; Schema: public; Owner: postgres
--

ALTER TABLE ONLY public.django_migrations
    ADD CONSTRAINT django_migrations_pkey PRIMARY KEY (id);


--
-- TOC entry 3355 (class 2606 OID 17435)
-- Name: django_session django_session_pkey; Type: CONSTRAINT; Schema: public; Owner: postgres
--

ALTER TABLE ONLY public.django_session
    ADD CONSTRAINT django_session_pkey PRIMARY KEY (session_key);


--
-- TOC entry 3313 (class 2606 OID 17106)
-- Name: erp_category erp_category_name_key; Type: CONSTRAINT; Schema: public; Owner: postgres
--

ALTER TABLE ONLY public.erp_category
    ADD CONSTRAINT erp_category_name_key UNIQUE (name);


--
-- TOC entry 3315 (class 2606 OID 17165)
-- Name: erp_category erp_category_pkey; Type: CONSTRAINT; Schema: public; Owner: postgres
--

ALTER TABLE ONLY public.erp_category
    ADD CONSTRAINT erp_category_pkey PRIMARY KEY (id);


--
-- TOC entry 3318 (class 2606 OID 17114)
-- Name: erp_client erp_client_dni_key; Type: CONSTRAINT; Schema: public; Owner: postgres
--

ALTER TABLE ONLY public.erp_client
    ADD CONSTRAINT erp_client_dni_key UNIQUE (dni);


--
-- TOC entry 3320 (class 2606 OID 17190)
-- Name: erp_client erp_client_pkey; Type: CONSTRAINT; Schema: public; Owner: postgres
--

ALTER TABLE ONLY public.erp_client
    ADD CONSTRAINT erp_client_pkey PRIMARY KEY (id);


--
-- TOC entry 3343 (class 2606 OID 17314)
-- Name: erp_detpurchase erp_detpurchase_pkey; Type: CONSTRAINT; Schema: public; Owner: postgres
--

ALTER TABLE ONLY public.erp_detpurchase
    ADD CONSTRAINT erp_detpurchase_pkey PRIMARY KEY (id);


--
-- TOC entry 3331 (class 2606 OID 17211)
-- Name: erp_detsale erp_detsale_pkey; Type: CONSTRAINT; Schema: public; Owner: postgres
--

ALTER TABLE ONLY public.erp_detsale
    ADD CONSTRAINT erp_detsale_pkey PRIMARY KEY (id);


--
-- TOC entry 3347 (class 2606 OID 17344)
-- Name: erp_payment erp_payment_pkey; Type: CONSTRAINT; Schema: public; Owner: postgres
--

ALTER TABLE ONLY public.erp_payment
    ADD CONSTRAINT erp_payment_pkey PRIMARY KEY (id);


--
-- TOC entry 3327 (class 2606 OID 17128)
-- Name: erp_product erp_product_name_key; Type: CONSTRAINT; Schema: public; Owner: postgres
--

ALTER TABLE ONLY public.erp_product
    ADD CONSTRAINT erp_product_name_key UNIQUE (name);


--
-- TOC entry 3329 (class 2606 OID 17221)
-- Name: erp_product erp_product_pkey; Type: CONSTRAINT; Schema: public; Owner: postgres
--

ALTER TABLE ONLY public.erp_product
    ADD CONSTRAINT erp_product_pkey PRIMARY KEY (id);


--
-- TOC entry 3351 (class 2606 OID 17411)
-- Name: erp_productphase erp_productphase_pkey; Type: CONSTRAINT; Schema: public; Owner: postgres
--

ALTER TABLE ONLY public.erp_productphase
    ADD CONSTRAINT erp_productphase_pkey PRIMARY KEY (id);


--
-- TOC entry 3340 (class 2606 OID 17308)
-- Name: erp_purchase erp_purchase_pkey; Type: CONSTRAINT; Schema: public; Owner: postgres
--

ALTER TABLE ONLY public.erp_purchase
    ADD CONSTRAINT erp_purchase_pkey PRIMARY KEY (id);


--
-- TOC entry 3323 (class 2606 OID 17244)
-- Name: erp_sale erp_sale_pkey; Type: CONSTRAINT; Schema: public; Owner: postgres
--

ALTER TABLE ONLY public.erp_sale
    ADD CONSTRAINT erp_sale_pkey PRIMARY KEY (id);


--
-- TOC entry 3336 (class 2606 OID 17301)
-- Name: erp_supplier erp_supplier_dnisp_key; Type: CONSTRAINT; Schema: public; Owner: postgres
--

ALTER TABLE ONLY public.erp_supplier
    ADD CONSTRAINT erp_supplier_dnisp_key UNIQUE (dnisp);


--
-- TOC entry 3338 (class 2606 OID 17299)
-- Name: erp_supplier erp_supplier_pkey; Type: CONSTRAINT; Schema: public; Owner: postgres
--

ALTER TABLE ONLY public.erp_supplier
    ADD CONSTRAINT erp_supplier_pkey PRIMARY KEY (id);


--
-- TOC entry 3297 (class 2606 OID 17040)
-- Name: user_user_groups user_user_groups_pkey; Type: CONSTRAINT; Schema: public; Owner: postgres
--

ALTER TABLE ONLY public.user_user_groups
    ADD CONSTRAINT user_user_groups_pkey PRIMARY KEY (id);


--
-- TOC entry 3300 (class 2606 OID 17451)
-- Name: user_user_groups user_user_groups_user_id_group_id_bb60391f_uniq; Type: CONSTRAINT; Schema: public; Owner: postgres
--

ALTER TABLE ONLY public.user_user_groups
    ADD CONSTRAINT user_user_groups_user_id_group_id_bb60391f_uniq UNIQUE (user_id, group_id);


--
-- TOC entry 3291 (class 2606 OID 17440)
-- Name: user_user user_user_pkey; Type: CONSTRAINT; Schema: public; Owner: postgres
--

ALTER TABLE ONLY public.user_user
    ADD CONSTRAINT user_user_pkey PRIMARY KEY (id);


--
-- TOC entry 3303 (class 2606 OID 17046)
-- Name: user_user_user_permissions user_user_user_permissions_pkey; Type: CONSTRAINT; Schema: public; Owner: postgres
--

ALTER TABLE ONLY public.user_user_user_permissions
    ADD CONSTRAINT user_user_user_permissions_pkey PRIMARY KEY (id);


--
-- TOC entry 3306 (class 2606 OID 17461)
-- Name: user_user_user_permissions user_user_user_permissions_user_id_permission_id_64f4d5b8_uniq; Type: CONSTRAINT; Schema: public; Owner: postgres
--

ALTER TABLE ONLY public.user_user_user_permissions
    ADD CONSTRAINT user_user_user_permissions_user_id_permission_id_64f4d5b8_uniq UNIQUE (user_id, permission_id);


--
-- TOC entry 3294 (class 2606 OID 17034)
-- Name: user_user user_user_username_key; Type: CONSTRAINT; Schema: public; Owner: postgres
--

ALTER TABLE ONLY public.user_user
    ADD CONSTRAINT user_user_username_key UNIQUE (username);


--
-- TOC entry 3279 (class 1259 OID 17024)
-- Name: auth_group_name_a6ea08ec_like; Type: INDEX; Schema: public; Owner: postgres
--

CREATE INDEX auth_group_name_a6ea08ec_like ON public.auth_group USING btree (name varchar_pattern_ops);


--
-- TOC entry 3284 (class 1259 OID 17020)
-- Name: auth_group_permissions_group_id_b120cbf9; Type: INDEX; Schema: public; Owner: postgres
--

CREATE INDEX auth_group_permissions_group_id_b120cbf9 ON public.auth_group_permissions USING btree (group_id);


--
-- TOC entry 3287 (class 1259 OID 17021)
-- Name: auth_group_permissions_permission_id_84c5c92e; Type: INDEX; Schema: public; Owner: postgres
--

CREATE INDEX auth_group_permissions_permission_id_84c5c92e ON public.auth_group_permissions USING btree (permission_id);


--
-- TOC entry 3274 (class 1259 OID 17006)
-- Name: auth_permission_content_type_id_2f476e4b; Type: INDEX; Schema: public; Owner: postgres
--

CREATE INDEX auth_permission_content_type_id_2f476e4b ON public.auth_permission USING btree (content_type_id);


--
-- TOC entry 3307 (class 1259 OID 17095)
-- Name: django_admin_log_content_type_id_c4bce8eb; Type: INDEX; Schema: public; Owner: postgres
--

CREATE INDEX django_admin_log_content_type_id_c4bce8eb ON public.django_admin_log USING btree (content_type_id);


--
-- TOC entry 3310 (class 1259 OID 17470)
-- Name: django_admin_log_user_id_c564eba6; Type: INDEX; Schema: public; Owner: postgres
--

CREATE INDEX django_admin_log_user_id_c564eba6 ON public.django_admin_log USING btree (user_id);


--
-- TOC entry 3353 (class 1259 OID 17437)
-- Name: django_session_expire_date_a5c62663; Type: INDEX; Schema: public; Owner: postgres
--

CREATE INDEX django_session_expire_date_a5c62663 ON public.django_session USING btree (expire_date);


--
-- TOC entry 3356 (class 1259 OID 17436)
-- Name: django_session_session_key_c0390e0f_like; Type: INDEX; Schema: public; Owner: postgres
--

CREATE INDEX django_session_session_key_c0390e0f_like ON public.django_session USING btree (session_key varchar_pattern_ops);


--
-- TOC entry 3311 (class 1259 OID 17135)
-- Name: erp_category_name_509f59b4_like; Type: INDEX; Schema: public; Owner: postgres
--

CREATE INDEX erp_category_name_509f59b4_like ON public.erp_category USING btree (name varchar_pattern_ops);


--
-- TOC entry 3316 (class 1259 OID 17136)
-- Name: erp_client_dni_1d081b76_like; Type: INDEX; Schema: public; Owner: postgres
--

CREATE INDEX erp_client_dni_1d081b76_like ON public.erp_client USING btree (dni varchar_pattern_ops);


--
-- TOC entry 3344 (class 1259 OID 17331)
-- Name: erp_detpurchase_prod_id_bfd79359; Type: INDEX; Schema: public; Owner: postgres
--

CREATE INDEX erp_detpurchase_prod_id_bfd79359 ON public.erp_detpurchase USING btree (prod_id);


--
-- TOC entry 3345 (class 1259 OID 17332)
-- Name: erp_detpurchase_purchase_id_f8c1496e; Type: INDEX; Schema: public; Owner: postgres
--

CREATE INDEX erp_detpurchase_purchase_id_f8c1496e ON public.erp_detpurchase USING btree (purchase_id);


--
-- TOC entry 3332 (class 1259 OID 17230)
-- Name: erp_detsale_prod_id_94aeae12; Type: INDEX; Schema: public; Owner: postgres
--

CREATE INDEX erp_detsale_prod_id_94aeae12 ON public.erp_detsale USING btree (prod_id);


--
-- TOC entry 3333 (class 1259 OID 17251)
-- Name: erp_detsale_sale_id_b7897b57; Type: INDEX; Schema: public; Owner: postgres
--

CREATE INDEX erp_detsale_sale_id_b7897b57 ON public.erp_detsale USING btree (sale_id);


--
-- TOC entry 3348 (class 1259 OID 17355)
-- Name: erp_payment_sale_id_7e81eb57; Type: INDEX; Schema: public; Owner: postgres
--

CREATE INDEX erp_payment_sale_id_7e81eb57 ON public.erp_payment USING btree (sale_id);


--
-- TOC entry 3324 (class 1259 OID 17175)
-- Name: erp_product_cat_id_effed4a2; Type: INDEX; Schema: public; Owner: postgres
--

CREATE INDEX erp_product_cat_id_effed4a2 ON public.erp_product USING btree (cat_id);


--
-- TOC entry 3325 (class 1259 OID 17148)
-- Name: erp_product_name_11142dfd_like; Type: INDEX; Schema: public; Owner: postgres
--

CREATE INDEX erp_product_name_11142dfd_like ON public.erp_product USING btree (name varchar_pattern_ops);


--
-- TOC entry 3349 (class 1259 OID 17417)
-- Name: erp_productphase_det_sale_id_35621d01; Type: INDEX; Schema: public; Owner: postgres
--

CREATE INDEX erp_productphase_det_sale_id_35621d01 ON public.erp_productphase USING btree (det_sale_id);


--
-- TOC entry 3352 (class 1259 OID 17479)
-- Name: erp_productphase_user_id_1bc15ccd; Type: INDEX; Schema: public; Owner: postgres
--

CREATE INDEX erp_productphase_user_id_1bc15ccd ON public.erp_productphase USING btree (user_id);


--
-- TOC entry 3341 (class 1259 OID 17320)
-- Name: erp_purchase_prov_id_6b42e413; Type: INDEX; Schema: public; Owner: postgres
--

CREATE INDEX erp_purchase_prov_id_6b42e413 ON public.erp_purchase USING btree (prov_id);


--
-- TOC entry 3321 (class 1259 OID 17198)
-- Name: erp_sale_cli_id_ffdb3bc4; Type: INDEX; Schema: public; Owner: postgres
--

CREATE INDEX erp_sale_cli_id_ffdb3bc4 ON public.erp_sale USING btree (cli_id);


--
-- TOC entry 3334 (class 1259 OID 17302)
-- Name: erp_supplier_dnisp_fcb1a7a7_like; Type: INDEX; Schema: public; Owner: postgres
--

CREATE INDEX erp_supplier_dnisp_fcb1a7a7_like ON public.erp_supplier USING btree (dnisp varchar_pattern_ops);


--
-- TOC entry 3295 (class 1259 OID 17061)
-- Name: user_user_groups_group_id_c57f13c0; Type: INDEX; Schema: public; Owner: postgres
--

CREATE INDEX user_user_groups_group_id_c57f13c0 ON public.user_user_groups USING btree (group_id);


--
-- TOC entry 3298 (class 1259 OID 17452)
-- Name: user_user_groups_user_id_13f9a20d; Type: INDEX; Schema: public; Owner: postgres
--

CREATE INDEX user_user_groups_user_id_13f9a20d ON public.user_user_groups USING btree (user_id);


--
-- TOC entry 3301 (class 1259 OID 17075)
-- Name: user_user_user_permissions_permission_id_ce49d4de; Type: INDEX; Schema: public; Owner: postgres
--

CREATE INDEX user_user_user_permissions_permission_id_ce49d4de ON public.user_user_user_permissions USING btree (permission_id);


--
-- TOC entry 3304 (class 1259 OID 17462)
-- Name: user_user_user_permissions_user_id_31782f58; Type: INDEX; Schema: public; Owner: postgres
--

CREATE INDEX user_user_user_permissions_user_id_31782f58 ON public.user_user_user_permissions USING btree (user_id);


--
-- TOC entry 3292 (class 1259 OID 17047)
-- Name: user_user_username_e2bdfe0c_like; Type: INDEX; Schema: public; Owner: postgres
--

CREATE INDEX user_user_username_e2bdfe0c_like ON public.user_user USING btree (username varchar_pattern_ops);


--
-- TOC entry 3358 (class 2606 OID 17015)
-- Name: auth_group_permissions auth_group_permissio_permission_id_84c5c92e_fk_auth_perm; Type: FK CONSTRAINT; Schema: public; Owner: postgres
--

ALTER TABLE ONLY public.auth_group_permissions
    ADD CONSTRAINT auth_group_permissio_permission_id_84c5c92e_fk_auth_perm FOREIGN KEY (permission_id) REFERENCES public.auth_permission(id) DEFERRABLE INITIALLY DEFERRED;


--
-- TOC entry 3359 (class 2606 OID 17010)
-- Name: auth_group_permissions auth_group_permissions_group_id_b120cbf9_fk_auth_group_id; Type: FK CONSTRAINT; Schema: public; Owner: postgres
--

ALTER TABLE ONLY public.auth_group_permissions
    ADD CONSTRAINT auth_group_permissions_group_id_b120cbf9_fk_auth_group_id FOREIGN KEY (group_id) REFERENCES public.auth_group(id) DEFERRABLE INITIALLY DEFERRED;


--
-- TOC entry 3357 (class 2606 OID 17001)
-- Name: auth_permission auth_permission_content_type_id_2f476e4b_fk_django_co; Type: FK CONSTRAINT; Schema: public; Owner: postgres
--

ALTER TABLE ONLY public.auth_permission
    ADD CONSTRAINT auth_permission_content_type_id_2f476e4b_fk_django_co FOREIGN KEY (content_type_id) REFERENCES public.django_content_type(id) DEFERRABLE INITIALLY DEFERRED;


--
-- TOC entry 3364 (class 2606 OID 17085)
-- Name: django_admin_log django_admin_log_content_type_id_c4bce8eb_fk_django_co; Type: FK CONSTRAINT; Schema: public; Owner: postgres
--

ALTER TABLE ONLY public.django_admin_log
    ADD CONSTRAINT django_admin_log_content_type_id_c4bce8eb_fk_django_co FOREIGN KEY (content_type_id) REFERENCES public.django_content_type(id) DEFERRABLE INITIALLY DEFERRED;


--
-- TOC entry 3365 (class 2606 OID 17496)
-- Name: django_admin_log django_admin_log_user_id_c564eba6_fk; Type: FK CONSTRAINT; Schema: public; Owner: postgres
--

ALTER TABLE ONLY public.django_admin_log
    ADD CONSTRAINT django_admin_log_user_id_c564eba6_fk FOREIGN KEY (user_id) REFERENCES public.user_user(id) DEFERRABLE INITIALLY DEFERRED;


--
-- TOC entry 3371 (class 2606 OID 17321)
-- Name: erp_detpurchase erp_detpurchase_prod_id_bfd79359_fk_erp_product_id; Type: FK CONSTRAINT; Schema: public; Owner: postgres
--

ALTER TABLE ONLY public.erp_detpurchase
    ADD CONSTRAINT erp_detpurchase_prod_id_bfd79359_fk_erp_product_id FOREIGN KEY (prod_id) REFERENCES public.erp_product(id) DEFERRABLE INITIALLY DEFERRED;


--
-- TOC entry 3372 (class 2606 OID 17326)
-- Name: erp_detpurchase erp_detpurchase_purchase_id_f8c1496e_fk_erp_purchase_id; Type: FK CONSTRAINT; Schema: public; Owner: postgres
--

ALTER TABLE ONLY public.erp_detpurchase
    ADD CONSTRAINT erp_detpurchase_purchase_id_f8c1496e_fk_erp_purchase_id FOREIGN KEY (purchase_id) REFERENCES public.erp_purchase(id) DEFERRABLE INITIALLY DEFERRED;


--
-- TOC entry 3368 (class 2606 OID 17237)
-- Name: erp_detsale erp_detsale_prod_id_94aeae12_fk; Type: FK CONSTRAINT; Schema: public; Owner: postgres
--

ALTER TABLE ONLY public.erp_detsale
    ADD CONSTRAINT erp_detsale_prod_id_94aeae12_fk FOREIGN KEY (prod_id) REFERENCES public.erp_product(id) DEFERRABLE INITIALLY DEFERRED;


--
-- TOC entry 3369 (class 2606 OID 17258)
-- Name: erp_detsale erp_detsale_sale_id_b7897b57_fk; Type: FK CONSTRAINT; Schema: public; Owner: postgres
--

ALTER TABLE ONLY public.erp_detsale
    ADD CONSTRAINT erp_detsale_sale_id_b7897b57_fk FOREIGN KEY (sale_id) REFERENCES public.erp_sale(id) DEFERRABLE INITIALLY DEFERRED;


--
-- TOC entry 3373 (class 2606 OID 17401)
-- Name: erp_payment erp_payment_sale_id_7e81eb57_fk_erp_sale_id; Type: FK CONSTRAINT; Schema: public; Owner: postgres
--

ALTER TABLE ONLY public.erp_payment
    ADD CONSTRAINT erp_payment_sale_id_7e81eb57_fk_erp_sale_id FOREIGN KEY (sale_id) REFERENCES public.erp_sale(id) DEFERRABLE INITIALLY DEFERRED;


--
-- TOC entry 3367 (class 2606 OID 17183)
-- Name: erp_product erp_product_cat_id_effed4a2_fk; Type: FK CONSTRAINT; Schema: public; Owner: postgres
--

ALTER TABLE ONLY public.erp_product
    ADD CONSTRAINT erp_product_cat_id_effed4a2_fk FOREIGN KEY (cat_id) REFERENCES public.erp_category(id) DEFERRABLE INITIALLY DEFERRED;


--
-- TOC entry 3374 (class 2606 OID 17412)
-- Name: erp_productphase erp_productphase_det_sale_id_35621d01_fk_erp_detsale_id; Type: FK CONSTRAINT; Schema: public; Owner: postgres
--

ALTER TABLE ONLY public.erp_productphase
    ADD CONSTRAINT erp_productphase_det_sale_id_35621d01_fk_erp_detsale_id FOREIGN KEY (det_sale_id) REFERENCES public.erp_detsale(id) DEFERRABLE INITIALLY DEFERRED;


--
-- TOC entry 3375 (class 2606 OID 17501)
-- Name: erp_productphase erp_productphase_user_id_1bc15ccd_fk; Type: FK CONSTRAINT; Schema: public; Owner: postgres
--

ALTER TABLE ONLY public.erp_productphase
    ADD CONSTRAINT erp_productphase_user_id_1bc15ccd_fk FOREIGN KEY (user_id) REFERENCES public.user_user(id) DEFERRABLE INITIALLY DEFERRED;


--
-- TOC entry 3370 (class 2606 OID 17315)
-- Name: erp_purchase erp_purchase_prov_id_6b42e413_fk_erp_supplier_id; Type: FK CONSTRAINT; Schema: public; Owner: postgres
--

ALTER TABLE ONLY public.erp_purchase
    ADD CONSTRAINT erp_purchase_prov_id_6b42e413_fk_erp_supplier_id FOREIGN KEY (prov_id) REFERENCES public.erp_supplier(id) DEFERRABLE INITIALLY DEFERRED;


--
-- TOC entry 3366 (class 2606 OID 17204)
-- Name: erp_sale erp_sale_cli_id_ffdb3bc4_fk; Type: FK CONSTRAINT; Schema: public; Owner: postgres
--

ALTER TABLE ONLY public.erp_sale
    ADD CONSTRAINT erp_sale_cli_id_ffdb3bc4_fk FOREIGN KEY (cli_id) REFERENCES public.erp_client(id) DEFERRABLE INITIALLY DEFERRED;


--
-- TOC entry 3360 (class 2606 OID 17055)
-- Name: user_user_groups user_user_groups_group_id_c57f13c0_fk_auth_group_id; Type: FK CONSTRAINT; Schema: public; Owner: postgres
--

ALTER TABLE ONLY public.user_user_groups
    ADD CONSTRAINT user_user_groups_group_id_c57f13c0_fk_auth_group_id FOREIGN KEY (group_id) REFERENCES public.auth_group(id) DEFERRABLE INITIALLY DEFERRED;


--
-- TOC entry 3361 (class 2606 OID 17486)
-- Name: user_user_groups user_user_groups_user_id_13f9a20d_fk; Type: FK CONSTRAINT; Schema: public; Owner: postgres
--

ALTER TABLE ONLY public.user_user_groups
    ADD CONSTRAINT user_user_groups_user_id_13f9a20d_fk FOREIGN KEY (user_id) REFERENCES public.user_user(id) DEFERRABLE INITIALLY DEFERRED;


--
-- TOC entry 3362 (class 2606 OID 17069)
-- Name: user_user_user_permissions user_user_user_permi_permission_id_ce49d4de_fk_auth_perm; Type: FK CONSTRAINT; Schema: public; Owner: postgres
--

ALTER TABLE ONLY public.user_user_user_permissions
    ADD CONSTRAINT user_user_user_permi_permission_id_ce49d4de_fk_auth_perm FOREIGN KEY (permission_id) REFERENCES public.auth_permission(id) DEFERRABLE INITIALLY DEFERRED;


--
-- TOC entry 3363 (class 2606 OID 17491)
-- Name: user_user_user_permissions user_user_user_permissions_user_id_31782f58_fk; Type: FK CONSTRAINT; Schema: public; Owner: postgres
--

ALTER TABLE ONLY public.user_user_user_permissions
    ADD CONSTRAINT user_user_user_permissions_user_id_31782f58_fk FOREIGN KEY (user_id) REFERENCES public.user_user(id) DEFERRABLE INITIALLY DEFERRED;


-- Completed on 2025-03-13 08:50:41

--
-- PostgreSQL database dump complete
--

